[
  {
    "VAI TRÒ, VỊ TRÍ CÔNG VIỆC (Ô B1 input)": "BAN LÃNH ĐẠO"
  },
  {
    "VAI TRÒ, VỊ TRÍ CÔNG VIỆC (Ô B1 input)": "Giám đốc"
  },
  {
    "VAI TRÒ, VỊ TRÍ CÔNG VIỆC (Ô B1 input)": "Phó Giám đốc"
  },
  {
    "VAI TRÒ, VỊ TRÍ CÔNG VIỆC (Ô B1 input)": "CƠ QUAN THAM MƯU, GIÚP VIỆC ĐẢNG ỦY"
  },
  {
    "VAI TRÒ, VỊ TRÍ CÔNG VIỆC (Ô B1 input)": "Ban Tuyên giáo Đảng ủy"
  },
  {
    "VAI TRÒ, VỊ TRÍ CÔNG VIỆC (Ô B1 input)": "Ban Tổ chức Đảng ủy"
  },
  {
    "VAI TRÒ, VỊ TRÍ CÔNG VIỆC (Ô B1 input)": "Cơ quan Ủy ban Kiểm tra Đảng ủy"
  },
  {
    "VAI TRÒ, VỊ TRÍ CÔNG VIỆC (Ô B1 input)": "Văn phòng Đảng ủy"
  },
  {
    "VAI TRÒ, VỊ TRÍ CÔNG VIỆC (Ô B1 input)": "_______________________________________________________________________________________________________________________________________"
  },
  {
    "VAI TRÒ, VỊ TRÍ CÔNG VIỆC (Ô B1 input)": "1. PHÒNG TỔ CHỨC - HÀNH CHÍNH",
    "col_3": "Phòng Tổ chức - Hành chính"
  },
  {
    "VAI TRÒ, VỊ TRÍ CÔNG VIỆC (Ô B1 input)": "Trưởng Phòng Tổ chức - Hành chính",
    "col_3": "Trưởng"
  },
  {
    "VAI TRÒ, VỊ TRÍ CÔNG VIỆC (Ô B1 input)": "Phó trưởng phòng (Phòng Tổ chức - Hành chính)",
    "col_3": "Phó trưởng phòng"
  },
  {
    "VAI TRÒ, VỊ TRÍ CÔNG VIỆC (Ô B1 input)": "Chuyên viên tham mưu tiền lương (Phòng Tổ chức - Hành chính)",
    "col_3": "Chuyên viên tham mưu tiền lương"
  },
  {
    "VAI TRÒ, VỊ TRÍ CÔNG VIỆC (Ô B1 input)": "Chuyên viên tham mưu về lao động (Phòng Tổ chức - Hành chính)",
    "col_3": "Chuyên viên tham mưu về lao động"
  },
  {
    "VAI TRÒ, VỊ TRÍ CÔNG VIỆC (Ô B1 input)": "Chuyên viên tham mưu về tổ chức (Phòng Tổ chức - Hành chính)",
    "col_3": "Chuyên viên tham mưu về tổ chức"
  },
  {
    "VAI TRÒ, VỊ TRÍ CÔNG VIỆC (Ô B1 input)": "Chuyên viên tham mưu về công tác cán bộ (Phòng Tổ chức - Hành chính)",
    "col_3": "Chuyên viên tham mưu về công tác cán bộ"
  },
  {
    "VAI TRÒ, VỊ TRÍ CÔNG VIỆC (Ô B1 input)": "Chuyên viên tham mưu thanh tra, pháp chế (Phòng Tổ chức - Hành chính)",
    "col_3": "Chuyên viên tham mưu thanh tra, pháp chế"
  },
  {
    "VAI TRÒ, VỊ TRÍ CÔNG VIỆC (Ô B1 input)": "Chuyên viên tham mưu chế độ chính sách (Phòng Tổ chức - Hành chính)",
    "col_3": "Chuyên viên tham mưu chế độ chính sách"
  },
  {
    "VAI TRÒ, VỊ TRÍ CÔNG VIỆC (Ô B1 input)": "Chuyên viên giáo dục đào tạo (Phòng Tổ chức - Hành chính)",
    "col_3": "Chuyên viên giáo dục đào tạo"
  },
  {
    "VAI TRÒ, VỊ TRÍ CÔNG VIỆC (Ô B1 input)": "Chuyên viên tham mưu bảo hộ (Phòng Tổ chức - Hành chính)",
    "col_3": "Chuyên viên tham mưu bảo hộ"
  },
  {
    "VAI TRÒ, VỊ TRÍ CÔNG VIỆC (Ô B1 input)": "________________________________________________________________________________________________________________________________________"
  },
  {
    "VAI TRÒ, VỊ TRÍ CÔNG VIỆC (Ô B1 input)": "2. PHÒNG KẾ HOẠCH KINH DOANH VÀ KỸ THUẬT AN TOÀN",
    "col_3": "Phòng Kế hoạch Kinh doanh và Kỹ thuật An toàn"
  },
  {
    "VAI TRÒ, VỊ TRÍ CÔNG VIỆC (Ô B1 input)": "Trưởng Phòng Kế hoạch Kinh doanh và Kỹ thuật An toàn",
    "col_3": "Trưởng"
  },
  {
    "VAI TRÒ, VỊ TRÍ CÔNG VIỆC (Ô B1 input)": "Phó trưởng phòng (Phòng Kế hoạch Kinh doanh và Kỹ thuật An toàn)",
    "col_3": "Phó trưởng phòng"
  },
  {
    "VAI TRÒ, VỊ TRÍ CÔNG VIỆC (Ô B1 input)": "Chuyên viên tham mưu quản lý, sử dụng quỹ đất và hạ tầng (Phòng Kế hoạch Kinh doanh và Kỹ thuật An toàn)",
    "col_3": "Chuyên viên tham mưu quản lý, sử dụng quỹ đất và hạ tầng"
  },
  {
    "VAI TRÒ, VỊ TRÍ CÔNG VIỆC (Ô B1 input)": "Chuyên viên tham mưu khai thác, kinh doanh quỹ đất và hạ tầng (Phòng Kế hoạch Kinh doanh và Kỹ thuật An toàn)",
    "col_3": "Chuyên viên tham mưu khai thác, kinh doanh quỹ đất và hạ tầng"
  },
  {
    "VAI TRÒ, VỊ TRÍ CÔNG VIỆC (Ô B1 input)": "Chuyên viên tham mưu truyền thông marketing (Phòng Kế hoạch Kinh doanh và Kỹ thuật An toàn)",
    "col_3": "Chuyên viên tham mưu truyền thông marketing"
  },
  {
    "VAI TRÒ, VỊ TRÍ CÔNG VIỆC (Ô B1 input)": "Chuyên viên tham mưu về các dịch vụ hỗ trợ vận tải (Phòng Kế hoạch Kinh doanh và Kỹ thuật An toàn)",
    "col_3": "Chuyên viên tham mưu về các dịch vụ hỗ trợ vận tải"
  },
  {
    "VAI TRÒ, VỊ TRÍ CÔNG VIỆC (Ô B1 input)": "Chuyên viên tham mưu nâng cấp, sửa chữa hạ tầng (Phòng Kế hoạch Kinh doanh và Kỹ thuật An toàn)",
    "col_3": "Chuyên viên tham mưu nâng cấp, sửa chữa hạ tầng"
  },
  {
    "VAI TRÒ, VỊ TRÍ CÔNG VIỆC (Ô B1 input)": "Chuyên viên tham mưu ký kết hợp đồng vận chuyển, bảo hiểm (Phòng Kế hoạch Kinh doanh và Kỹ thuật An toàn)",
    "col_3": "Chuyên viên tham mưu ký kết hợp đồng vận chuyển, bảo hiểm"
  },
  {
    "VAI TRÒ, VỊ TRÍ CÔNG VIỆC (Ô B1 input)": "Chuyên viên tham mưu kế hoạch sản lượng, doanh thu hàng hóa (Phòng Kế hoạch Kinh doanh và Kỹ thuật An toàn)",
    "col_3": "Chuyên viên tham mưu kế hoạch sản lượng, doanh thu hàng hóa"
  },
  {
    "VAI TRÒ, VỊ TRÍ CÔNG VIỆC (Ô B1 input)": "Chuyên viên tham mưu công tác vận chuyển từ nhà đến nhà, quản lý hệ thống harapost (Phòng Kế hoạch Kinh doanh và Kỹ thuật An toàn)",
    "col_3": "Chuyên viên tham mưu công tác vận chuyển từ nhà đến nhà, quản lý hệ thống harapost"
  },
  {
    "VAI TRÒ, VỊ TRÍ CÔNG VIỆC (Ô B1 input)": "Chuyên viên tham mưu kinh doanh vận tải hàng hóa trong nước (Phòng Kế hoạch Kinh doanh và Kỹ thuật An toàn)",
    "col_3": "Chuyên viên tham mưu kinh doanh vận tải hàng hóa trong nước"
  },
  {
    "VAI TRÒ, VỊ TRÍ CÔNG VIỆC (Ô B1 input)": "Chuyên viên tham mưu giá cước hợp đồng vận tải hàng hóa (Phòng Kế hoạch Kinh doanh và Kỹ thuật An toàn)",
    "col_3": "Chuyên viên tham mưu giá cước hợp đồng vận tải hàng hóa"
  },
  {
    "VAI TRÒ, VỊ TRÍ CÔNG VIỆC (Ô B1 input)": "Chuyên viên tham mưu an toàn hệ vận tải, phân tích sự cố giao thông đường sắt (Phòng Kế hoạch Kinh doanh và Kỹ thuật An toàn)",
    "col_3": "Chuyên viên tham mưu an toàn hệ vận tải, phân tích sự cố giao thông đường sắt"
  },
  {
    "VAI TRÒ, VỊ TRÍ CÔNG VIỆC (Ô B1 input)": "Chuyên viên tham mưu an toàn hệ hạ tầng (Phòng Kế hoạch Kinh doanh và Kỹ thuật An toàn)",
    "col_3": "Chuyên viên tham mưu an toàn hệ hạ tầng"
  },
  {
    "VAI TRÒ, VỊ TRÍ CÔNG VIỆC (Ô B1 input)": "Chuyên viên tham mưu công tác quân sự địa phương, an ninh quốc phòng, phòng cháy chữa cháy, PCBL (Phòng Kế hoạch Kinh doanh và Kỹ thuật An toàn)",
    "col_3": "Chuyên viên tham mưu công tác quân sự địa phương, an ninh quốc phòng, phòng cháy chữa cháy, PCBL"
  },
  {
    "VAI TRÒ, VỊ TRÍ CÔNG VIỆC (Ô B1 input)": "Chuyên viên tham mưu tổng hợp, KCS (Phòng Kế hoạch Kinh doanh và Kỹ thuật An toàn)",
    "col_3": "Chuyên viên tham mưu tổng hợp, KCS"
  },
  {
    "VAI TRÒ, VỊ TRÍ CÔNG VIỆC (Ô B1 input)": "Điều độ viên (Phòng Kế hoạch Kinh doanh và Kỹ thuật An toàn)",
    "col_3": "Điều độ viên"
  },
  {
    "VAI TRÒ, VỊ TRÍ CÔNG VIỆC (Ô B1 input)": "Kỹ thuật viên, giám sát (Phòng Kế hoạch Kinh doanh và Kỹ thuật An toàn)",
    "col_3": "Kỹ thuật viên, giám sát"
  },
  {
    "VAI TRÒ, VỊ TRÍ CÔNG VIỆC (Ô B1 input)": "_________________________________________________________________________________________________________________________________________"
  },
  {
    "VAI TRÒ, VỊ TRÍ CÔNG VIỆC (Ô B1 input)": "3. PHÒNG TÀI CHÍNH - KẾ TOÁN",
    "col_3": "Phòng Tài chính - Kế toán"
  },
  {
    "VAI TRÒ, VỊ TRÍ CÔNG VIỆC (Ô B1 input)": "Trưởng Phòng Tài chính - Kế toán",
    "col_3": "Trưởng"
  },
  {
    "VAI TRÒ, VỊ TRÍ CÔNG VIỆC (Ô B1 input)": "Phó trưởng phòng (Phòng Tài chính - Kế toán)",
    "col_3": "Phó trưởng phòng"
  },
  {
    "VAI TRÒ, VỊ TRÍ CÔNG VIỆC (Ô B1 input)": "Kế toán ngân hàng (Phòng Tài chính - Kế toán)",
    "col_3": "Kế toán ngân hàng"
  },
  {
    "VAI TRÒ, VỊ TRÍ CÔNG VIỆC (Ô B1 input)": "Kế toán tiền mặt (Phòng Tài chính - Kế toán)",
    "col_3": "Kế toán tiền mặt"
  },
  {
    "VAI TRÒ, VỊ TRÍ CÔNG VIỆC (Ô B1 input)": "Kế toán tiền lương và các khoản trích từ lương (Phòng Tài chính - Kế toán)",
    "col_3": "Kế toán tiền lương và các khoản trích từ lương"
  },
  {
    "VAI TRÒ, VỊ TRÍ CÔNG VIỆC (Ô B1 input)": "Kế toán thu vận tải (Phòng Tài chính - Kế toán)",
    "col_3": "Kế toán thu vận tải"
  },
  {
    "VAI TRÒ, VỊ TRÍ CÔNG VIỆC (Ô B1 input)": "Kế toán thanh toán (Phòng Tài chính - Kế toán)",
    "col_3": "Kế toán thanh toán"
  },
  {
    "VAI TRÒ, VỊ TRÍ CÔNG VIỆC (Ô B1 input)": "Kế toán vốn và tài sản (Phòng Tài chính - Kế toán)",
    "col_3": "Kế toán vốn và tài sản"
  },
  {
    "VAI TRÒ, VỊ TRÍ CÔNG VIỆC (Ô B1 input)": "Kế toán thuế (Phòng Tài chính - Kế toán)",
    "col_3": "Kế toán thuế"
  },
  {
    "VAI TRÒ, VỊ TRÍ CÔNG VIỆC (Ô B1 input)": "Kế toán dịch vụ hỗ trợ vận tải (Phòng Tài chính - Kế toán)",
    "col_3": "Kế toán dịch vụ hỗ trợ vận tải"
  },
  {
    "VAI TRÒ, VỊ TRÍ CÔNG VIỆC (Ô B1 input)": "Kế toán thu hàng hóa (Phòng Tài chính - Kế toán)",
    "col_3": "Kế toán thu hàng hóa"
  },
  {
    "VAI TRÒ, VỊ TRÍ CÔNG VIỆC (Ô B1 input)": "Kế toán thẩm hạch thu chi vận doanh (Phòng Tài chính - Kế toán)",
    "col_3": "Kế toán thẩm hạch thu chi vận doanh"
  },
  {
    "VAI TRÒ, VỊ TRÍ CÔNG VIỆC (Ô B1 input)": "Kế toán tổng hợp (Phòng Tài chính - Kế toán)",
    "col_3": "Kế toán tổng hợp"
  },
  {
    "VAI TRÒ, VỊ TRÍ CÔNG VIỆC (Ô B1 input)": "Thủ quỹ (Phòng Tài chính - Kế toán)",
    "col_3": "Thủ quỹ"
  },
  {
    "VAI TRÒ, VỊ TRÍ CÔNG VIỆC (Ô B1 input)": "__________________________________________________________________________________________________________________________________________"
  },
  {
    "VAI TRÒ, VỊ TRÍ CÔNG VIỆC (Ô B1 input)": "Chủ tịch công đoàn"
  },
  {
    "VAI TRÒ, VỊ TRÍ CÔNG VIỆC (Ô B1 input)": "Phó chủ tịch công đoàn"
  },
  {
    "VAI TRÒ, VỊ TRÍ CÔNG VIỆC (Ô B1 input)": "Cán bộ phụ trách chính sách, pháp luật"
  },
  {
    "VAI TRÒ, VỊ TRÍ CÔNG VIỆC (Ô B1 input)": "Chủ tịch công đoàn cơ quan"
  },
  {
    "VAI TRÒ, VỊ TRÍ CÔNG VIỆC (Ô B1 input)": "_______________________________________________________________________________________________________________________________________________"
  },
  {
    "VAI TRÒ, VỊ TRÍ CÔNG VIỆC (Ô B1 input)": "Bí thư đảng ủy cơ quan, chi nhánh"
  },
  {
    "VAI TRÒ, VỊ TRÍ CÔNG VIỆC (Ô B1 input)": "Ban Tuyên giáo Đảng uỷ"
  },
  {
    "VAI TRÒ, VỊ TRÍ CÔNG VIỆC (Ô B1 input)": "Ban Tổ chức Đảng uỷ"
  },
  {
    "VAI TRÒ, VỊ TRÍ CÔNG VIỆC (Ô B1 input)": "Cơ quan Ủy ban Kiểm tra (UBKT) Đảng uỷ"
  },
  {
    "VAI TRÒ, VỊ TRÍ CÔNG VIỆC (Ô B1 input)": "Văn phòng Đảng uỷ"
  },
  {
    "VAI TRÒ, VỊ TRÍ CÔNG VIỆC (Ô B1 input)": "Cán bộ phụ trách tài chính, kế toán công đoàn, đảng ủy"
  },
  {
    "VAI TRÒ, VỊ TRÍ CÔNG VIỆC (Ô B1 input)": "Cán bộ phụ trách tuyên giáo đảng ủy"
  },
  {
    "VAI TRÒ, VỊ TRÍ CÔNG VIỆC (Ô B1 input)": "Cán bộ phụ trách tuyên giáo công đoàn"
  },
  {
    "VAI TRÒ, VỊ TRÍ CÔNG VIỆC (Ô B1 input)": "Cán bộ phụ trách nữ công"
  },
  {
    "VAI TRÒ, VỊ TRÍ CÔNG VIỆC (Ô B1 input)": "Cán bộ phụ trách công tác kiểm tra đảng ủy"
  },
  {
    "VAI TRÒ, VỊ TRÍ CÔNG VIỆC (Ô B1 input)": "Cán bộ phụ trách công tác kiểm tra công đoàn"
  },
  {
    "VAI TRÒ, VỊ TRÍ CÔNG VIỆC (Ô B1 input)": "Cán bộ phụ trách công tác tổ chức đảng ủy"
  },
  {
    "VAI TRÒ, VỊ TRÍ CÔNG VIỆC (Ô B1 input)": "Cán bộ phụ trách công tác tổ chức công đoàn"
  },
  {
    "VAI TRÒ, VỊ TRÍ CÔNG VIỆC (Ô B1 input)": "Cán bộ văn phòng đảng ủy"
  },
  {
    "VAI TRÒ, VỊ TRÍ CÔNG VIỆC (Ô B1 input)": "Cán bộ văn phòng công đoàn"
  },
  {
    "VAI TRÒ, VỊ TRÍ CÔNG VIỆC (Ô B1 input)": "Cán bộ thủ quỹ công đoàn"
  },
  {
    "VAI TRÒ, VỊ TRÍ CÔNG VIỆC (Ô B1 input)": "Bí thư đoàn thanh niên"
  },
  {
    "VAI TRÒ, VỊ TRÍ CÔNG VIỆC (Ô B1 input)": "_________________________________________________________________________________________________________________________________________________"
  },
  {
    "VAI TRÒ, VỊ TRÍ CÔNG VIỆC (Ô B1 input)": "GA CẤP 1",
    "col_3": "Ga cấp 1"
  },
  {
    "VAI TRÒ, VỊ TRÍ CÔNG VIỆC (Ô B1 input)": "Trưởng ga (Ga cấp 1)",
    "col_3": "Trưởng ga"
  },
  {
    "VAI TRÒ, VỊ TRÍ CÔNG VIỆC (Ô B1 input)": "Phó trưởng ga (Ga cấp 1)",
    "col_3": "Phó trưởng ga"
  },
  {
    "VAI TRÒ, VỊ TRÍ CÔNG VIỆC (Ô B1 input)": "Chuyên viên NV (Ga cấp 1)",
    "col_3": "Chuyên viên NV"
  },
  {
    "VAI TRÒ, VỊ TRÍ CÔNG VIỆC (Ô B1 input)": "Giám sát an toàn (Ga cấp 1)",
    "col_3": "Giám sát an toàn"
  },
  {
    "VAI TRÒ, VỊ TRÍ CÔNG VIỆC (Ô B1 input)": "Cán sự văn phòng ga (Ga cấp 1)",
    "col_3": "Cán sự văn phòng ga"
  },
  {
    "VAI TRÒ, VỊ TRÍ CÔNG VIỆC (Ô B1 input)": "Đội trưởng, Điều độ chạy tàu ga (Ga cấp 1)",
    "col_3": "Đội trưởng, Điều độ chạy tàu ga"
  },
  {
    "VAI TRÒ, VỊ TRÍ CÔNG VIỆC (Ô B1 input)": "Tổ trưởng chạy tàu (Ga cấp 1)",
    "col_3": "Tổ trưởng chạy tàu"
  },
  {
    "VAI TRÒ, VỊ TRÍ CÔNG VIỆC (Ô B1 input)": "Trực ban chạy tàu (Ga cấp 1)",
    "col_3": "Trực ban chạy tàu"
  },
  {
    "VAI TRÒ, VỊ TRÍ CÔNG VIỆC (Ô B1 input)": "Trưởng dồn, Gác ghi trung ga Sài Gòn (Ga cấp 1)",
    "col_3": "Trưởng dồn, Gác ghi trung ga Sài Gòn"
  },
  {
    "VAI TRÒ, VỊ TRÍ CÔNG VIỆC (Ô B1 input)": "Gác ghi, móc nối, điểm xa (Ga cấp 1)",
    "col_3": "Gác ghi, móc nối, điểm xa"
  },
  {
    "VAI TRÒ, VỊ TRÍ CÔNG VIỆC (Ô B1 input)": "Nhân viên phát thanh (Ga cấp 1)",
    "col_3": "Nhân viên phát thanh"
  },
  {
    "VAI TRÒ, VỊ TRÍ CÔNG VIỆC (Ô B1 input)": "Đội trưởng đội bảo vệ ga (Ga cấp 1)",
    "col_3": "Đội trưởng đội bảo vệ ga"
  },
  {
    "VAI TRÒ, VỊ TRÍ CÔNG VIỆC (Ô B1 input)": "Tổ trưởng bảo vệ ga (Ga cấp 1)",
    "col_3": "Tổ trưởng bảo vệ ga"
  },
  {
    "VAI TRÒ, VỊ TRÍ CÔNG VIỆC (Ô B1 input)": "Nhân viên bảo vệ ga (Ga cấp 1)",
    "col_3": "Nhân viên bảo vệ ga"
  },
  {
    "VAI TRÒ, VỊ TRÍ CÔNG VIỆC (Ô B1 input)": "Thợ điện (Ga cấp 1)",
    "col_3": "Thợ điện"
  },
  {
    "VAI TRÒ, VỊ TRÍ CÔNG VIỆC (Ô B1 input)": "Nhân viên Y tế, Tổ trưởng vệ sinh MT (Ga cấp 1)",
    "col_3": "Nhân viên Y tế, Tổ trưởng vệ sinh MT"
  },
  {
    "VAI TRÒ, VỊ TRÍ CÔNG VIỆC (Ô B1 input)": "Nhân viên vệ sinh (Ga cấp 1)",
    "col_3": "Nhân viên vệ sinh"
  },
  {
    "VAI TRÒ, VỊ TRÍ CÔNG VIỆC (Ô B1 input)": "___________________________________________________________________________________________________________________________________________"
  },
  {
    "VAI TRÒ, VỊ TRÍ CÔNG VIỆC (Ô B1 input)": "GA CẤP 2",
    "col_3": "Ga cấp 2"
  },
  {
    "VAI TRÒ, VỊ TRÍ CÔNG VIỆC (Ô B1 input)": "Trưởng ga (Ga cấp 2)",
    "col_3": "Trưởng ga"
  },
  {
    "VAI TRÒ, VỊ TRÍ CÔNG VIỆC (Ô B1 input)": "Phó trưởng ga (Ga cấp 2)",
    "col_3": "Phó trưởng ga"
  },
  {
    "VAI TRÒ, VỊ TRÍ CÔNG VIỆC (Ô B1 input)": "Nhân viên nghiệp vụ Văn phòng ga (Ga cấp 2)",
    "col_3": "Nhân viên nghiệp vụ Văn phòng ga"
  },
  {
    "VAI TRÒ, VỊ TRÍ CÔNG VIỆC (Ô B1 input)": "Tổ trưởng chạy tàu (Ga cấp 2)",
    "col_3": "Tổ trưởng chạy tàu"
  },
  {
    "VAI TRÒ, VỊ TRÍ CÔNG VIỆC (Ô B1 input)": "Trực ban chạy tàu (Ga cấp 2)",
    "col_3": "Trực ban chạy tàu"
  },
  {
    "VAI TRÒ, VỊ TRÍ CÔNG VIỆC (Ô B1 input)": "Trưởng dồn (Ga cấp 2)",
    "col_3": "Trưởng dồn"
  },
  {
    "VAI TRÒ, VỊ TRÍ CÔNG VIỆC (Ô B1 input)": "Gác ghi, móc nối (Ga cấp 2)",
    "col_3": "Gác ghi, móc nối"
  },
  {
    "VAI TRÒ, VỊ TRÍ CÔNG VIỆC (Ô B1 input)": "Tổ trưởng bảo vệ (Ga cấp 2)",
    "col_3": "Tổ trưởng bảo vệ"
  },
  {
    "VAI TRÒ, VỊ TRÍ CÔNG VIỆC (Ô B1 input)": "Bảo vệ ga (Ga cấp 2)",
    "col_3": "Bảo vệ ga"
  },
  {
    "VAI TRÒ, VỊ TRÍ CÔNG VIỆC (Ô B1 input)": "Thợ điện (Ga cấp 2)",
    "col_3": "Thợ điện"
  },
  {
    "VAI TRÒ, VỊ TRÍ CÔNG VIỆC (Ô B1 input)": "Nhân viên vệ sinh (Ga cấp 2)",
    "col_3": "Nhân viên vệ sinh"
  },
  {
    "VAI TRÒ, VỊ TRÍ CÔNG VIỆC (Ô B1 input)": "____________________________________________________________________________________________________________________________________________"
  },
  {
    "VAI TRÒ, VỊ TRÍ CÔNG VIỆC (Ô B1 input)": "GA CẤP 3",
    "col_3": "Ga cấp 3"
  },
  {
    "VAI TRÒ, VỊ TRÍ CÔNG VIỆC (Ô B1 input)": "Trưởng ga (Ga cấp 3)",
    "col_3": "Trưởng ga"
  },
  {
    "VAI TRÒ, VỊ TRÍ CÔNG VIỆC (Ô B1 input)": "Kỹ thuật viên (Ga cấp 3)",
    "col_3": "Kỹ thuật viên"
  },
  {
    "VAI TRÒ, VỊ TRÍ CÔNG VIỆC (Ô B1 input)": "Trực ban chạy tàu (Ga cấp 3)",
    "col_3": "Trực ban chạy tàu"
  },
  {
    "VAI TRÒ, VỊ TRÍ CÔNG VIỆC (Ô B1 input)": "Trưởng dồn (Ga cấp 3)",
    "col_3": "Trưởng dồn"
  },
  {
    "VAI TRÒ, VỊ TRÍ CÔNG VIỆC (Ô B1 input)": "Gác ghi, móc nối (Ga cấp 3)",
    "col_3": "Gác ghi, móc nối"
  },
  {
    "VAI TRÒ, VỊ TRÍ CÔNG VIỆC (Ô B1 input)": "Bảo vệ ga (Ga cấp 3)",
    "col_3": "Bảo vệ ga"
  },
  {
    "VAI TRÒ, VỊ TRÍ CÔNG VIỆC (Ô B1 input)": "Nhân viên vệ sinh (Ga cấp 3)",
    "col_3": "Nhân viên vệ sinh"
  },
  {
    "VAI TRÒ, VỊ TRÍ CÔNG VIỆC (Ô B1 input)": "_____________________________________________________________________________________________________________________________________________"
  },
  {
    "VAI TRÒ, VỊ TRÍ CÔNG VIỆC (Ô B1 input)": "GA CẤP 4",
    "col_3": "Ga cấp 4"
  },
  {
    "VAI TRÒ, VỊ TRÍ CÔNG VIỆC (Ô B1 input)": "Trưởng ga (Ga cấp 4)",
    "col_3": "Trưởng ga"
  },
  {
    "VAI TRÒ, VỊ TRÍ CÔNG VIỆC (Ô B1 input)": "Trực ban chạy tàu (Ga cấp 4)",
    "col_3": "Trực ban chạy tàu"
  },
  {
    "VAI TRÒ, VỊ TRÍ CÔNG VIỆC (Ô B1 input)": "Trưởng dồn (Ga cấp 4)",
    "col_3": "Trưởng dồn"
  },
  {
    "VAI TRÒ, VỊ TRÍ CÔNG VIỆC (Ô B1 input)": "Gác ghi, móc nối (Ga cấp 4)",
    "col_3": "Gác ghi, móc nối"
  },
  {
    "VAI TRÒ, VỊ TRÍ CÔNG VIỆC (Ô B1 input)": "__________________________________________________________________________________________________________________________________________________"
  },
  {
    "VAI TRÒ, VỊ TRÍ CÔNG VIỆC (Ô B1 input)": "CHỨC VỤ - CHỨC DANH"
  },
  {
    "VAI TRÒ, VỊ TRÍ CÔNG VIỆC (Ô B1 input)": "Đội trưởng hoặc tương đương"
  },
  {
    "VAI TRÒ, VỊ TRÍ CÔNG VIỆC (Ô B1 input)": "Đội phó"
  },
  {
    "VAI TRÒ, VỊ TRÍ CÔNG VIỆC (Ô B1 input)": "Tổ trưởng hoặc tương đương"
  },
  {
    "VAI TRÒ, VỊ TRÍ CÔNG VIỆC (Ô B1 input)": "Tổ phó"
  },
  {
    "VAI TRÒ, VỊ TRÍ CÔNG VIỆC (Ô B1 input)": "Chuyên viên"
  },
  {
    "VAI TRÒ, VỊ TRÍ CÔNG VIỆC (Ô B1 input)": "Giám sát viên"
  },
  {
    "VAI TRÒ, VỊ TRÍ CÔNG VIỆC (Ô B1 input)": "Giám sát kiêm Trưởng ga"
  },
  {
    "VAI TRÒ, VỊ TRÍ CÔNG VIỆC (Ô B1 input)": "Cán sự VPCN"
  },
  {
    "VAI TRÒ, VỊ TRÍ CÔNG VIỆC (Ô B1 input)": "Nhân viên Văn phòng"
  },
  {
    "VAI TRÒ, VỊ TRÍ CÔNG VIỆC (Ô B1 input)": "Kỹ thuật viên"
  },
  {
    "VAI TRÒ, VỊ TRÍ CÔNG VIỆC (Ô B1 input)": "Điều độ"
  },
  {
    "VAI TRÒ, VỊ TRÍ CÔNG VIỆC (Ô B1 input)": "TBCT"
  },
  {
    "VAI TRÒ, VỊ TRÍ CÔNG VIỆC (Ô B1 input)": "Trưởng dồn"
  },
  {
    "VAI TRÒ, VỊ TRÍ CÔNG VIỆC (Ô B1 input)": "Bảo vệ"
  },
  {
    "VAI TRÒ, VỊ TRÍ CÔNG VIỆC (Ô B1 input)": "Gác ghi"
  },
  {
    "VAI TRÒ, VỊ TRÍ CÔNG VIỆC (Ô B1 input)": "Điểm xa"
  },
  {
    "VAI TRÒ, VỊ TRÍ CÔNG VIỆC (Ô B1 input)": "Phát thanh"
  },
  {
    "VAI TRÒ, VỊ TRÍ CÔNG VIỆC (Ô B1 input)": "Thợ điện"
  },
  {
    "VAI TRÒ, VỊ TRÍ CÔNG VIỆC (Ô B1 input)": "Y tế"
  },
  {
    "VAI TRÒ, VỊ TRÍ CÔNG VIỆC (Ô B1 input)": "Vệ sinh môi trường"
  },
  {
    "VAI TRÒ, VỊ TRÍ CÔNG VIỆC (Ô B1 input)": "Lái xe"
  },
  {
    "VAI TRÒ, VỊ TRÍ CÔNG VIỆC (Ô B1 input)": "----------------------------------------------------------------------------------------------------------------------------------------------------------------------------------------------..-'.-…"
  }
]